# provenance: env=sys sha=717b683182 cmd="nvidia-smi --query-gpu=index,timestamp,pcie.link.gen.current,pcie.link.width.current,clocks.sm,clocks.mem,pstate,power.draw --format=csv -lms 200" date=2026-09-15T09:33:59+00:00 gpu="RTX 4090 x2" driver=610.57.04 exp=EXP-020-appendixC dtype=float round=1
index, timestamp, pcie.link.gen.current, pcie.link.width.current, clocks.current.sm [MHz], clocks.current.memory [MHz], pstate, power.draw [W]
0, 2026/09/15 09:33:59.748, 1, 16, 210 MHz, 405 MHz, P8, 16.63 W
1, 2026/09/15 09:33:59.757, 1, 16, 210 MHz, 405 MHz, P8, 16.16 W
0, 2026/09/15 09:33:59.964, 1, 16, 210 MHz, 405 MHz, P8, 16.63 W
1, 2026/09/15 09:33:59.964, 1, 16, 210 MHz, 405 MHz, P8, 16.16 W
0, 2026/09/15 09:34:00.164, 1, 16, 210 MHz, 405 MHz, P8, 16.63 W
1, 2026/09/15 09:34:00.164, 1, 16, 210 MHz, 405 MHz, P8, 16.16 W
0, 2026/09/15 09:34:00.364, 1, 16, 210 MHz, 405 MHz, P8, 16.63 W
1, 2026/09/15 09:34:00.425, 1, 16, 210 MHz, 405 MHz, P8, 16.16 W
0, 2026/09/15 09:34:00.625, 1, 16, 210 MHz, 405 MHz, P8, 16.19 W
1, 2026/09/15 09:34:01.488, 1, 16, 210 MHz, 405 MHz, P8, 16.17 W
0, 2026/09/15 09:34:01.688, 1, 16, 210 MHz, 405 MHz, P8, 16.19 W
1, 2026/09/15 09:34:01.689, 1, 16, 210 MHz, 405 MHz, P8, 16.17 W
0, 2026/09/15 09:34:01.894, 4, 16, 2520 MHz, 10251 MHz, P2, 23.00 W
1, 2026/09/15 09:34:01.894, 4, 16, 2520 MHz, 10501 MHz, P0, 16.15 W
0, 2026/09/15 09:34:02.094, 4, 16, 2520 MHz, 10251 MHz, P2, 23.00 W
1, 2026/09/15 09:34:02.094, 4, 16, 2520 MHz, 10501 MHz, P0, 16.15 W
0, 2026/09/15 09:34:02.294, 4, 16, 2520 MHz, 10251 MHz, P2, 44.34 W
1, 2026/09/15 09:34:02.294, 4, 16, 2520 MHz, 10251 MHz, P2, 29.44 W
0, 2026/09/15 09:34:02.495, 4, 16, 2520 MHz, 10251 MHz, P2, 44.34 W
1, 2026/09/15 09:34:02.495, 4, 16, 2520 MHz, 10251 MHz, P2, 29.44 W
0, 2026/09/15 09:34:02.695, 4, 16, 2520 MHz, 10251 MHz, P2, 44.34 W
1, 2026/09/15 09:34:02.695, 4, 16, 2520 MHz, 10251 MHz, P2, 29.44 W
0, 2026/09/15 09:34:02.895, 4, 16, 2520 MHz, 10251 MHz, P2, 63.42 W
1, 2026/09/15 09:34:02.896, 4, 16, 2520 MHz, 10251 MHz, P2, 57.44 W
0, 2026/09/15 09:34:03.096, 4, 16, 2520 MHz, 10251 MHz, P2, 63.42 W
1, 2026/09/15 09:34:03.096, 4, 16, 2520 MHz, 10251 MHz, P2, 57.44 W
0, 2026/09/15 09:34:03.296, 4, 16, 2520 MHz, 10251 MHz, P2, 62.95 W
1, 2026/09/15 09:34:03.296, 4, 16, 2520 MHz, 10251 MHz, P2, 60.81 W
0, 2026/09/15 09:34:03.497, 4, 16, 2520 MHz, 10251 MHz, P2, 62.95 W
1, 2026/09/15 09:34:03.497, 4, 16, 2520 MHz, 10251 MHz, P2, 60.81 W
0, 2026/09/15 09:34:03.697, 4, 16, 2520 MHz, 10251 MHz, P2, 62.95 W
1, 2026/09/15 09:34:03.697, 4, 16, 2520 MHz, 10251 MHz, P2, 60.81 W
0, 2026/09/15 09:34:03.897, 4, 16, 2520 MHz, 10251 MHz, P2, 62.95 W
1, 2026/09/15 09:34:03.898, 4, 16, 2520 MHz, 10251 MHz, P2, 60.81 W
0, 2026/09/15 09:34:04.098, 4, 16, 2520 MHz, 10251 MHz, P2, 62.95 W
1, 2026/09/15 09:34:04.098, 4, 16, 2520 MHz, 10251 MHz, P2, 60.81 W
0, 2026/09/15 09:34:04.298, 4, 16, 2520 MHz, 10251 MHz, P2, 62.51 W
1, 2026/09/15 09:34:04.298, 4, 16, 2520 MHz, 10251 MHz, P2, 60.07 W
0, 2026/09/15 09:34:04.498, 4, 16, 2520 MHz, 10251 MHz, P2, 62.51 W
1, 2026/09/15 09:34:04.499, 4, 16, 2520 MHz, 10251 MHz, P2, 60.07 W
0, 2026/09/15 09:34:04.699, 4, 16, 2520 MHz, 10251 MHz, P2, 62.51 W
1, 2026/09/15 09:34:04.699, 4, 16, 2520 MHz, 10251 MHz, P2, 60.07 W
0, 2026/09/15 09:34:04.899, 4, 16, 2520 MHz, 10251 MHz, P2, 62.51 W
1, 2026/09/15 09:34:04.899, 4, 16, 2520 MHz, 10251 MHz, P2, 60.07 W
0, 2026/09/15 09:34:05.100, 4, 16, 2520 MHz, 10251 MHz, P2, 62.51 W
1, 2026/09/15 09:34:05.100, 4, 16, 2520 MHz, 10251 MHz, P2, 60.07 W
0, 2026/09/15 09:34:05.300, 4, 16, 2520 MHz, 10251 MHz, P2, 62.53 W
1, 2026/09/15 09:34:05.300, 4, 16, 2520 MHz, 10251 MHz, P2, 59.87 W
0, 2026/09/15 09:34:05.501, 4, 16, 2520 MHz, 10251 MHz, P2, 62.53 W
1, 2026/09/15 09:34:05.501, 4, 16, 2520 MHz, 10251 MHz, P2, 59.87 W
0, 2026/09/15 09:34:05.701, 4, 16, 2520 MHz, 10251 MHz, P2, 62.53 W
1, 2026/09/15 09:34:05.701, 4, 16, 2520 MHz, 10251 MHz, P2, 59.87 W
0, 2026/09/15 09:34:05.901, 4, 16, 2520 MHz, 10251 MHz, P2, 62.53 W
1, 2026/09/15 09:34:05.902, 4, 16, 2520 MHz, 10251 MHz, P2, 59.87 W
0, 2026/09/15 09:34:06.102, 4, 16, 2520 MHz, 10251 MHz, P2, 62.53 W
1, 2026/09/15 09:34:06.102, 4, 16, 2520 MHz, 10251 MHz, P2, 59.87 W
0, 2026/09/15 09:34:06.302, 4, 16, 2520 MHz, 10251 MHz, P2, 62.59 W
1, 2026/09/15 09:34:06.302, 4, 16, 2520 MHz, 10251 MHz, P2, 59.86 W
0, 2026/09/15 09:34:06.503, 4, 16, 2520 MHz, 10251 MHz, P2, 62.59 W
1, 2026/09/15 09:34:06.503, 4, 16, 2520 MHz, 10251 MHz, P2, 59.86 W
0, 2026/09/15 09:34:06.703, 4, 16, 2520 MHz, 10251 MHz, P2, 62.59 W
1, 2026/09/15 09:34:06.703, 4, 16, 2520 MHz, 10251 MHz, P2, 59.86 W
0, 2026/09/15 09:34:06.903, 4, 16, 2520 MHz, 10251 MHz, P2, 62.59 W
1, 2026/09/15 09:34:06.904, 4, 16, 2520 MHz, 10251 MHz, P2, 59.86 W
0, 2026/09/15 09:34:07.104, 4, 16, 2520 MHz, 10251 MHz, P2, 62.59 W
1, 2026/09/15 09:34:07.104, 4, 16, 2520 MHz, 10251 MHz, P2, 59.86 W
0, 2026/09/15 09:34:07.304, 4, 16, 2520 MHz, 10251 MHz, P2, 62.49 W
1, 2026/09/15 09:34:07.304, 4, 16, 2520 MHz, 10251 MHz, P2, 60.18 W
0, 2026/09/15 09:34:07.505, 4, 16, 2520 MHz, 10251 MHz, P2, 62.49 W
1, 2026/09/15 09:34:07.505, 4, 16, 2520 MHz, 10251 MHz, P2, 60.18 W
0, 2026/09/15 09:34:07.705, 4, 16, 2520 MHz, 10251 MHz, P2, 62.49 W
1, 2026/09/15 09:34:07.705, 4, 16, 2520 MHz, 10251 MHz, P2, 60.18 W
0, 2026/09/15 09:34:07.906, 4, 16, 2520 MHz, 10251 MHz, P2, 62.49 W
1, 2026/09/15 09:34:07.906, 4, 16, 2520 MHz, 10251 MHz, P2, 60.18 W
0, 2026/09/15 09:34:08.106, 4, 16, 2520 MHz, 10251 MHz, P2, 62.49 W
1, 2026/09/15 09:34:08.106, 4, 16, 2520 MHz, 10251 MHz, P2, 60.18 W
0, 2026/09/15 09:34:08.306, 4, 16, 2520 MHz, 10251 MHz, P2, 62.48 W
1, 2026/09/15 09:34:08.306, 4, 16, 2520 MHz, 10251 MHz, P2, 60.36 W
0, 2026/09/15 09:34:08.507, 4, 16, 2520 MHz, 10251 MHz, P2, 62.48 W
1, 2026/09/15 09:34:08.507, 4, 16, 2520 MHz, 10251 MHz, P2, 60.36 W
0, 2026/09/15 09:34:08.707, 4, 16, 2520 MHz, 10251 MHz, P2, 62.48 W
1, 2026/09/15 09:34:08.707, 4, 16, 2520 MHz, 10251 MHz, P2, 60.36 W
0, 2026/09/15 09:34:08.907, 4, 16, 2520 MHz, 10251 MHz, P2, 62.48 W
1, 2026/09/15 09:34:08.908, 4, 16, 2520 MHz, 10251 MHz, P2, 60.36 W
0, 2026/09/15 09:34:09.108, 4, 16, 2520 MHz, 10251 MHz, P2, 62.48 W
1, 2026/09/15 09:34:09.108, 4, 16, 2520 MHz, 10251 MHz, P2, 60.36 W
0, 2026/09/15 09:34:09.308, 4, 16, 2520 MHz, 10251 MHz, P2, 62.75 W
1, 2026/09/15 09:34:09.308, 4, 16, 2520 MHz, 10251 MHz, P2, 60.35 W
0, 2026/09/15 09:34:09.509, 4, 16, 2520 MHz, 10251 MHz, P2, 62.75 W
1, 2026/09/15 09:34:09.509, 4, 16, 2520 MHz, 10251 MHz, P2, 60.35 W
0, 2026/09/15 09:34:09.709, 4, 16, 2520 MHz, 10251 MHz, P2, 62.75 W
1, 2026/09/15 09:34:09.709, 4, 16, 2520 MHz, 10251 MHz, P2, 60.35 W
0, 2026/09/15 09:34:09.909, 4, 16, 2520 MHz, 10251 MHz, P2, 62.75 W
1, 2026/09/15 09:34:09.909, 4, 16, 2520 MHz, 10251 MHz, P2, 60.35 W
0, 2026/09/15 09:34:10.110, 4, 16, 2520 MHz, 10251 MHz, P2, 62.75 W
1, 2026/09/15 09:34:10.110, 4, 16, 2520 MHz, 10251 MHz, P2, 60.35 W
0, 2026/09/15 09:34:10.310, 4, 16, 2520 MHz, 10251 MHz, P2, 62.84 W
1, 2026/09/15 09:34:10.310, 4, 16, 2520 MHz, 10251 MHz, P2, 60.37 W
0, 2026/09/15 09:34:10.510, 4, 16, 2520 MHz, 10251 MHz, P2, 62.84 W
1, 2026/09/15 09:34:10.511, 4, 16, 2520 MHz, 10251 MHz, P2, 60.37 W
0, 2026/09/15 09:34:10.711, 4, 16, 2520 MHz, 10251 MHz, P2, 62.84 W
1, 2026/09/15 09:34:10.711, 4, 16, 2520 MHz, 10251 MHz, P2, 60.37 W
0, 2026/09/15 09:34:10.911, 4, 16, 2520 MHz, 10251 MHz, P2, 62.84 W
1, 2026/09/15 09:34:10.912, 4, 16, 2520 MHz, 10251 MHz, P2, 60.37 W
0, 2026/09/15 09:34:11.112, 4, 16, 2520 MHz, 10251 MHz, P2, 62.84 W
1, 2026/09/15 09:34:11.112, 4, 16, 2520 MHz, 10251 MHz, P2, 60.37 W
0, 2026/09/15 09:34:11.312, 4, 16, 2520 MHz, 10251 MHz, P2, 62.93 W
1, 2026/09/15 09:34:11.312, 4, 16, 2520 MHz, 10251 MHz, P2, 60.35 W
0, 2026/09/15 09:34:11.513, 4, 16, 2520 MHz, 10251 MHz, P2, 62.93 W
1, 2026/09/15 09:34:11.513, 4, 16, 2520 MHz, 10251 MHz, P2, 60.35 W
0, 2026/09/15 09:34:11.713, 4, 16, 2520 MHz, 10251 MHz, P2, 62.93 W
1, 2026/09/15 09:34:11.713, 4, 16, 2520 MHz, 10251 MHz, P2, 60.35 W
0, 2026/09/15 09:34:11.913, 4, 16, 2520 MHz, 10251 MHz, P2, 62.93 W
1, 2026/09/15 09:34:11.914, 4, 16, 2520 MHz, 10251 MHz, P2, 60.35 W
0, 2026/09/15 09:34:12.114, 4, 16, 2520 MHz, 10251 MHz, P2, 62.93 W
1, 2026/09/15 09:34:12.114, 4, 16, 2520 MHz, 10251 MHz, P2, 60.35 W
0, 2026/09/15 09:34:12.315, 4, 16, 2520 MHz, 10251 MHz, P2, 63.06 W
1, 2026/09/15 09:34:12.315, 4, 16, 2520 MHz, 10251 MHz, P2, 60.38 W
0, 2026/09/15 09:34:12.515, 4, 16, 2520 MHz, 10251 MHz, P2, 63.06 W
1, 2026/09/15 09:34:12.515, 4, 16, 2520 MHz, 10251 MHz, P2, 60.38 W
0, 2026/09/15 09:34:12.716, 4, 16, 2520 MHz, 10251 MHz, P2, 63.06 W
1, 2026/09/15 09:34:12.716, 4, 16, 2520 MHz, 10251 MHz, P2, 60.38 W
0, 2026/09/15 09:34:12.916, 4, 16, 2520 MHz, 10251 MHz, P2, 63.06 W
1, 2026/09/15 09:34:12.917, 4, 16, 2520 MHz, 10251 MHz, P2, 60.38 W
0, 2026/09/15 09:34:13.117, 4, 16, 2520 MHz, 10251 MHz, P2, 63.06 W
1, 2026/09/15 09:34:13.117, 4, 16, 2520 MHz, 10251 MHz, P2, 60.38 W
0, 2026/09/15 09:34:13.317, 4, 16, 2520 MHz, 10251 MHz, P2, 63.12 W
1, 2026/09/15 09:34:13.317, 4, 16, 2520 MHz, 10251 MHz, P2, 60.28 W
0, 2026/09/15 09:34:13.518, 4, 16, 2520 MHz, 10251 MHz, P2, 63.12 W
1, 2026/09/15 09:34:13.518, 4, 16, 2520 MHz, 10251 MHz, P2, 60.28 W
0, 2026/09/15 09:34:13.718, 4, 16, 2520 MHz, 10251 MHz, P2, 63.12 W
1, 2026/09/15 09:34:13.718, 4, 16, 2520 MHz, 10251 MHz, P2, 60.28 W
0, 2026/09/15 09:34:13.919, 4, 16, 2520 MHz, 10251 MHz, P2, 63.12 W
1, 2026/09/15 09:34:13.919, 4, 16, 2520 MHz, 10251 MHz, P2, 60.28 W
0, 2026/09/15 09:34:14.119, 4, 16, 2520 MHz, 10251 MHz, P2, 63.12 W
1, 2026/09/15 09:34:14.119, 4, 16, 2520 MHz, 10251 MHz, P2, 60.28 W
0, 2026/09/15 09:34:14.319, 4, 16, 2520 MHz, 10251 MHz, P2, 63.16 W
1, 2026/09/15 09:34:14.320, 4, 16, 2520 MHz, 10251 MHz, P2, 60.26 W
0, 2026/09/15 09:34:14.520, 4, 16, 2520 MHz, 10251 MHz, P2, 63.16 W
1, 2026/09/15 09:34:14.520, 4, 16, 2520 MHz, 10251 MHz, P2, 60.26 W
0, 2026/09/15 09:34:14.721, 4, 16, 2520 MHz, 10251 MHz, P2, 63.16 W
1, 2026/09/15 09:34:14.721, 4, 16, 2520 MHz, 10251 MHz, P2, 60.26 W
0, 2026/09/15 09:34:14.921, 4, 16, 2520 MHz, 10251 MHz, P2, 63.16 W
1, 2026/09/15 09:34:14.921, 4, 16, 2520 MHz, 10251 MHz, P2, 60.26 W
0, 2026/09/15 09:34:15.121, 4, 16, 2520 MHz, 10251 MHz, P2, 63.16 W
1, 2026/09/15 09:34:15.122, 4, 16, 2520 MHz, 10251 MHz, P2, 60.26 W
0, 2026/09/15 09:34:15.322, 4, 16, 2520 MHz, 10251 MHz, P2, 63.14 W
1, 2026/09/15 09:34:15.322, 4, 16, 2520 MHz, 10251 MHz, P2, 60.40 W
0, 2026/09/15 09:34:15.522, 4, 16, 2520 MHz, 10251 MHz, P2, 63.14 W
1, 2026/09/15 09:34:15.522, 4, 16, 2520 MHz, 10251 MHz, P2, 60.40 W
0, 2026/09/15 09:34:15.723, 4, 16, 2520 MHz, 10251 MHz, P2, 63.14 W
1, 2026/09/15 09:34:15.723, 4, 16, 2520 MHz, 10251 MHz, P2, 60.40 W
0, 2026/09/15 09:34:15.923, 4, 16, 2520 MHz, 10251 MHz, P2, 63.14 W
1, 2026/09/15 09:34:15.923, 4, 16, 2520 MHz, 10251 MHz, P2, 60.40 W
0, 2026/09/15 09:34:16.124, 4, 16, 2520 MHz, 10251 MHz, P2, 63.14 W
1, 2026/09/15 09:34:16.124, 4, 16, 2520 MHz, 10251 MHz, P2, 60.40 W
0, 2026/09/15 09:34:16.324, 4, 16, 2520 MHz, 10251 MHz, P2, 62.98 W
1, 2026/09/15 09:34:16.324, 4, 16, 2520 MHz, 10251 MHz, P2, 60.35 W
0, 2026/09/15 09:34:16.524, 4, 16, 2520 MHz, 10251 MHz, P2, 62.98 W
1, 2026/09/15 09:34:16.525, 4, 16, 2520 MHz, 10251 MHz, P2, 60.35 W
0, 2026/09/15 09:34:16.725, 4, 16, 2520 MHz, 10251 MHz, P2, 62.98 W
1, 2026/09/15 09:34:16.725, 4, 16, 2520 MHz, 10251 MHz, P2, 60.35 W
0, 2026/09/15 09:34:16.925, 4, 16, 2520 MHz, 10251 MHz, P2, 62.98 W
1, 2026/09/15 09:34:16.925, 4, 16, 2520 MHz, 10251 MHz, P2, 60.35 W
0, 2026/09/15 09:34:17.126, 4, 16, 2520 MHz, 10251 MHz, P2, 62.98 W
1, 2026/09/15 09:34:17.126, 4, 16, 2520 MHz, 10251 MHz, P2, 60.35 W
0, 2026/09/15 09:34:17.326, 4, 16, 2520 MHz, 10251 MHz, P2, 62.81 W
1, 2026/09/15 09:34:17.326, 4, 16, 2520 MHz, 10251 MHz, P2, 60.18 W
0, 2026/09/15 09:34:17.527, 4, 16, 2520 MHz, 10251 MHz, P2, 62.81 W
1, 2026/09/15 09:34:17.527, 4, 16, 2520 MHz, 10251 MHz, P2, 60.18 W
0, 2026/09/15 09:34:17.727, 4, 16, 2520 MHz, 10251 MHz, P2, 62.81 W
1, 2026/09/15 09:34:17.727, 4, 16, 2520 MHz, 10251 MHz, P2, 60.18 W
0, 2026/09/15 09:34:17.927, 4, 16, 2520 MHz, 10251 MHz, P2, 62.81 W
1, 2026/09/15 09:34:17.927, 4, 16, 2520 MHz, 10251 MHz, P2, 60.18 W
0, 2026/09/15 09:34:18.128, 4, 16, 2520 MHz, 10251 MHz, P2, 62.81 W
1, 2026/09/15 09:34:18.128, 4, 16, 2520 MHz, 10251 MHz, P2, 60.18 W
0, 2026/09/15 09:34:18.328, 4, 16, 2520 MHz, 10251 MHz, P2, 62.83 W
1, 2026/09/15 09:34:18.328, 4, 16, 2520 MHz, 10251 MHz, P2, 60.25 W
0, 2026/09/15 09:34:18.529, 4, 16, 2520 MHz, 10251 MHz, P2, 62.83 W
1, 2026/09/15 09:34:18.529, 4, 16, 2520 MHz, 10251 MHz, P2, 60.25 W
0, 2026/09/15 09:34:18.729, 4, 16, 2520 MHz, 10251 MHz, P2, 62.83 W
1, 2026/09/15 09:34:18.729, 4, 16, 2520 MHz, 10251 MHz, P2, 60.25 W
0, 2026/09/15 09:34:18.930, 2, 16, 2520 MHz, 10251 MHz, P5, 62.83 W
1, 2026/09/15 09:34:18.930, 4, 16, 2520 MHz, 10251 MHz, P2, 60.25 W
0, 2026/09/15 09:34:19.130, 2, 16, 2520 MHz, 10251 MHz, P5, 62.83 W
1, 2026/09/15 09:34:19.130, 4, 16, 2520 MHz, 10251 MHz, P2, 60.25 W
0, 2026/09/15 09:34:19.330, 2, 16, 495 MHz, 810 MHz, P5, 61.78 W
1, 2026/09/15 09:34:19.331, 2, 16, 2520 MHz, 10251 MHz, P5, 60.51 W
0, 2026/09/15 09:34:19.531, 2, 16, 495 MHz, 810 MHz, P5, 61.78 W
1, 2026/09/15 09:34:19.531, 2, 16, 2520 MHz, 10251 MHz, P5, 60.51 W
0, 2026/09/15 09:34:19.731, 2, 16, 495 MHz, 810 MHz, P5, 61.78 W
1, 2026/09/15 09:34:19.731, 2, 16, 2520 MHz, 10251 MHz, P5, 60.51 W
0, 2026/09/15 09:34:19.932, 2, 16, 495 MHz, 810 MHz, P5, 61.78 W
1, 2026/09/15 09:34:19.932, 2, 16, 2520 MHz, 10251 MHz, P5, 60.51 W
0, 2026/09/15 09:34:20.132, 2, 16, 495 MHz, 810 MHz, P5, 61.78 W
1, 2026/09/15 09:34:20.132, 2, 16, 2520 MHz, 10251 MHz, P5, 60.51 W
0, 2026/09/15 09:34:20.333, 1, 16, 315 MHz, 405 MHz, P8, 42.92 W
1, 2026/09/15 09:34:20.333, 2, 16, 360 MHz, 810 MHz, P5, 46.97 W
0, 2026/09/15 09:34:20.533, 1, 16, 315 MHz, 405 MHz, P8, 42.92 W
1, 2026/09/15 09:34:20.533, 2, 16, 360 MHz, 810 MHz, P5, 46.97 W
0, 2026/09/15 09:34:20.733, 1, 16, 315 MHz, 405 MHz, P8, 42.92 W
1, 2026/09/15 09:34:20.734, 1, 16, 360 MHz, 810 MHz, P8, 46.97 W
0, 2026/09/15 09:34:20.934, 1, 16, 315 MHz, 405 MHz, P8, 42.92 W
1, 2026/09/15 09:34:20.934, 1, 16, 360 MHz, 810 MHz, P8, 46.97 W
0, 2026/09/15 09:34:21.135, 1, 16, 315 MHz, 405 MHz, P8, 42.92 W
1, 2026/09/15 09:34:21.135, 1, 16, 360 MHz, 810 MHz, P8, 46.97 W
0, 2026/09/15 09:34:21.335, 1, 16, 210 MHz, 405 MHz, P8, 21.26 W
1, 2026/09/15 09:34:21.335, 1, 16, 240 MHz, 405 MHz, P8, 26.66 W
0, 2026/09/15 09:34:21.536, 1, 16, 210 MHz, 405 MHz, P8, 21.26 W
1, 2026/09/15 09:34:21.536, 1, 16, 240 MHz, 405 MHz, P8, 26.66 W
0, 2026/09/15 09:34:21.736, 1, 16, 210 MHz, 405 MHz, P8, 21.26 W
1, 2026/09/15 09:34:21.736, 1, 16, 240 MHz, 405 MHz, P8, 26.66 W
0, 2026/09/15 09:34:21.936, 1, 16, 210 MHz, 405 MHz, P8, 21.26 W
1, 2026/09/15 09:34:21.937, 1, 16, 240 MHz, 405 MHz, P8, 26.66 W
0, 2026/09/15 09:34:22.137, 1, 16, 210 MHz, 405 MHz, P8, 21.26 W
1, 2026/09/15 09:34:22.137, 1, 16, 240 MHz, 405 MHz, P8, 26.66 W
0, 2026/09/15 09:34:22.338, 1, 16, 210 MHz, 405 MHz, P8, 17.09 W
1, 2026/09/15 09:34:22.338, 1, 16, 210 MHz, 405 MHz, P8, 18.25 W
0, 2026/09/15 09:34:22.538, 1, 16, 210 MHz, 405 MHz, P8, 17.09 W
1, 2026/09/15 09:34:22.538, 1, 16, 210 MHz, 405 MHz, P8, 18.25 W
0, 2026/09/15 09:34:22.738, 1, 16, 210 MHz, 405 MHz, P8, 17.09 W
1, 2026/09/15 09:34:22.739, 1, 16, 210 MHz, 405 MHz, P8, 18.25 W
0, 2026/09/15 09:34:22.939, 1, 16, 210 MHz, 405 MHz, P8, 17.09 W
1, 2026/09/15 09:34:22.939, 1, 16, 210 MHz, 405 MHz, P8, 18.25 W
0, 2026/09/15 09:34:23.139, 1, 16, 210 MHz, 405 MHz, P8, 17.09 W
1, 2026/09/15 09:34:23.140, 1, 16, 210 MHz, 405 MHz, P8, 18.25 W
0, 2026/09/15 09:34:23.340, 1, 16, 210 MHz, 405 MHz, P8, 16.70 W
1, 2026/09/15 09:34:23.340, 1, 16, 210 MHz, 405 MHz, P8, 16.33 W
0, 2026/09/15 09:34:23.540, 1, 16, 210 MHz, 405 MHz, P8, 16.70 W
1, 2026/09/15 09:34:23.540, 1, 16, 210 MHz, 405 MHz, P8, 16.33 W
0, 2026/09/15 09:34:23.741, 1, 16, 210 MHz, 405 MHz, P8, 16.70 W
1, 2026/09/15 09:34:23.741, 1, 16, 210 MHz, 405 MHz, P8, 16.33 W
0, 2026/09/15 09:34:23.941, 1, 16, 210 MHz, 405 MHz, P8, 16.70 W
1, 2026/09/15 09:34:23.941, 1, 16, 210 MHz, 405 MHz, P8, 16.33 W
0, 2026/09/15 09:34:24.142, 1, 16, 210 MHz, 405 MHz, P8, 16.70 W
1, 2026/09/15 09:34:24.142, 1, 16, 210 MHz, 405 MHz, P8, 16.33 W
0, 2026/09/15 09:34:24.342, 1, 16, 210 MHz, 405 MHz, P8, 16.66 W
1, 2026/09/15 09:34:24.342, 1, 16, 210 MHz, 405 MHz, P8, 16.36 W
0, 2026/09/15 09:34:24.543, 1, 16, 210 MHz, 405 MHz, P8, 16.66 W
1, 2026/09/15 09:34:24.543, 1, 16, 210 MHz, 405 MHz, P8, 16.36 W
0, 2026/09/15 09:34:24.743, 1, 16, 210 MHz, 405 MHz, P8, 16.66 W
1, 2026/09/15 09:34:24.743, 1, 16, 210 MHz, 405 MHz, P8, 16.36 W
0, 2026/09/15 09:34:24.944, 1, 16, 210 MHz, 405 MHz, P8, 16.66 W
1, 2026/09/15 09:34:24.944, 1, 16, 210 MHz, 405 MHz, P8, 16.36 W
0, 2026/09/15 09:34:25.144, 1, 16, 210 MHz, 405 MHz, P8, 16.66 W
1, 2026/09/15 09:34:25.144, 1, 16, 210 MHz, 405 MHz, P8, 16.36 W
0, 2026/09/15 09:34:25.344, 1, 16, 210 MHz, 405 MHz, P8, 16.75 W
1, 2026/09/15 09:34:25.345, 1, 16, 210 MHz, 405 MHz, P8, 16.51 W
0, 2026/09/15 09:34:25.545, 1, 16, 210 MHz, 405 MHz, P8, 16.75 W
1, 2026/09/15 09:34:25.545, 1, 16, 210 MHz, 405 MHz, P8, 16.51 W
0, 2026/09/15 09:34:25.745, 1, 16, 210 MHz, 405 MHz, P8, 16.75 W
1, 2026/09/15 09:34:25.745, 1, 16, 210 MHz, 405 MHz, P8, 16.51 W
0, 2026/09/15 09:34:25.945, 1, 16, 210 MHz, 405 MHz, P8, 16.75 W
1, 2026/09/15 09:34:25.946, 1, 16, 210 MHz, 405 MHz, P8, 16.51 W
0, 2026/09/15 09:34:26.146, 1, 16, 210 MHz, 405 MHz, P8, 16.75 W
1, 2026/09/15 09:34:26.146, 1, 16, 210 MHz, 405 MHz, P8, 16.51 W
0, 2026/09/15 09:34:26.346, 1, 16, 210 MHz, 405 MHz, P8, 16.71 W
1, 2026/09/15 09:34:26.346, 1, 16, 210 MHz, 405 MHz, P8, 16.35 W
0, 2026/09/15 09:34:26.547, 1, 16, 210 MHz, 405 MHz, P8, 16.71 W
1, 2026/09/15 09:34:26.547, 1, 16, 210 MHz, 405 MHz, P8, 16.35 W
0, 2026/09/15 09:34:26.747, 1, 16, 210 MHz, 405 MHz, P8, 16.71 W
1, 2026/09/15 09:34:26.748, 1, 16, 210 MHz, 405 MHz, P8, 16.35 W
0, 2026/09/15 09:34:26.948, 1, 16, 210 MHz, 405 MHz, P8, 16.71 W
1, 2026/09/15 09:34:26.948, 1, 16, 210 MHz, 405 MHz, P8, 16.35 W
0, 2026/09/15 09:34:27.148, 1, 16, 210 MHz, 405 MHz, P8, 16.71 W
1, 2026/09/15 09:34:27.148, 1, 16, 210 MHz, 405 MHz, P8, 16.35 W
0, 2026/09/15 09:34:27.349, 1, 16, 210 MHz, 405 MHz, P8, 16.42 W
1, 2026/09/15 09:34:27.349, 1, 16, 210 MHz, 405 MHz, P8, 16.25 W
0, 2026/09/15 09:34:27.549, 1, 16, 210 MHz, 405 MHz, P8, 16.42 W
1, 2026/09/15 09:34:27.549, 1, 16, 210 MHz, 405 MHz, P8, 16.25 W
0, 2026/09/15 09:34:27.750, 1, 16, 210 MHz, 405 MHz, P8, 16.42 W
1, 2026/09/15 09:34:27.750, 1, 16, 210 MHz, 405 MHz, P8, 16.25 W
0, 2026/09/15 09:34:27.950, 1, 16, 210 MHz, 405 MHz, P8, 16.42 W
1, 2026/09/15 09:34:27.950, 1, 16, 210 MHz, 405 MHz, P8, 16.25 W
0, 2026/09/15 09:34:28.150, 1, 16, 210 MHz, 405 MHz, P8, 16.42 W
1, 2026/09/15 09:34:28.151, 1, 16, 210 MHz, 405 MHz, P8, 16.25 W
0, 2026/09/15 09:34:28.351, 1, 16, 210 MHz, 405 MHz, P8, 16.28 W
1, 2026/09/15 09:34:28.367, 1, 16, 210 MHz, 405 MHz, P8, 16.17 W
0, 2026/09/15 09:34:28.568, 1, 16, 210 MHz, 405 MHz, P8, 16.28 W
1, 2026/09/15 09:34:28.568, 1, 16, 210 MHz, 405 MHz, P8, 16.17 W
0, 2026/09/15 09:34:28.769, 1, 16, 210 MHz, 405 MHz, P8, 16.28 W
1, 2026/09/15 09:34:28.769, 1, 16, 210 MHz, 405 MHz, P8, 16.17 W
0, 2026/09/15 09:34:28.969, 1, 16, 210 MHz, 405 MHz, P8, 16.28 W
1, 2026/09/15 09:34:28.969, 1, 16, 210 MHz, 405 MHz, P8, 16.17 W
0, 2026/09/15 09:34:29.169, 1, 16, 210 MHz, 405 MHz, P8, 16.28 W
1, 2026/09/15 09:34:29.170, 1, 16, 210 MHz, 405 MHz, P8, 16.17 W
0, 2026/09/15 09:34:29.370, 1, 16, 210 MHz, 405 MHz, P8, 16.54 W
1, 2026/09/15 09:34:29.370, 1, 16, 210 MHz, 405 MHz, P8, 16.18 W
0, 2026/09/15 09:34:29.570, 1, 16, 210 MHz, 405 MHz, P8, 16.54 W
1, 2026/09/15 09:34:29.570, 1, 16, 210 MHz, 405 MHz, P8, 16.18 W
0, 2026/09/15 09:34:29.771, 1, 16, 210 MHz, 405 MHz, P8, 16.54 W
1, 2026/09/15 09:34:29.771, 1, 16, 210 MHz, 405 MHz, P8, 16.18 W
0, 2026/09/15 09:34:29.971, 1, 16, 210 MHz, 405 MHz, P8, 16.54 W
1, 2026/09/15 09:34:29.971, 1, 16, 210 MHz, 405 MHz, P8, 16.18 W
0, 2026/09/15 09:34:30.171, 1, 16, 210 MHz, 405 MHz, P8, 16.54 W
1, 2026/09/15 09:34:30.172, 1, 16, 210 MHz, 405 MHz, P8, 16.18 W
0, 2026/09/15 09:34:30.372, 1, 16, 210 MHz, 405 MHz, P8, 16.79 W
1, 2026/09/15 09:34:30.372, 1, 16, 210 MHz, 405 MHz, P8, 16.30 W
0, 2026/09/15 09:34:30.572, 1, 16, 210 MHz, 405 MHz, P8, 16.79 W
1, 2026/09/15 09:34:30.572, 1, 16, 210 MHz, 405 MHz, P8, 16.30 W
0, 2026/09/15 09:34:30.773, 1, 16, 210 MHz, 405 MHz, P8, 16.79 W
1, 2026/09/15 09:34:30.773, 1, 16, 210 MHz, 405 MHz, P8, 16.30 W
0, 2026/09/15 09:34:30.973, 1, 16, 210 MHz, 405 MHz, P8, 16.79 W
1, 2026/09/15 09:34:30.973, 1, 16, 210 MHz, 405 MHz, P8, 16.30 W
0, 2026/09/15 09:34:31.173, 1, 16, 210 MHz, 405 MHz, P8, 16.79 W
1, 2026/09/15 09:34:31.174, 1, 16, 210 MHz, 405 MHz, P8, 16.30 W
0, 2026/09/15 09:34:31.374, 1, 16, 210 MHz, 405 MHz, P8, 16.86 W
1, 2026/09/15 09:34:31.374, 1, 16, 210 MHz, 405 MHz, P8, 16.39 W
0, 2026/09/15 09:34:31.574, 1, 16, 210 MHz, 405 MHz, P8, 16.86 W
1, 2026/09/15 09:34:31.574, 1, 16, 210 MHz, 405 MHz, P8, 16.39 W
0, 2026/09/15 09:34:31.775, 1, 16, 210 MHz, 405 MHz, P8, 16.86 W
1, 2026/09/15 09:34:31.775, 1, 16, 210 MHz, 405 MHz, P8, 16.39 W
0, 2026/09/15 09:34:31.975, 1, 16, 210 MHz, 405 MHz, P8, 16.86 W
1, 2026/09/15 09:34:31.975, 1, 16, 210 MHz, 405 MHz, P8, 16.39 W
0, 2026/09/15 09:34:32.176, 1, 16, 210 MHz, 405 MHz, P8, 16.86 W
1, 2026/09/15 09:34:32.176, 1, 16, 210 MHz, 405 MHz, P8, 16.39 W
0, 2026/09/15 09:34:32.376, 4, 16, 2520 MHz, 10251 MHz, P2, 16.79 W
1, 2026/09/15 09:34:32.376, 1, 16, 210 MHz, 405 MHz, P8, 16.56 W
0, 2026/09/15 09:34:32.577, 4, 16, 2520 MHz, 10251 MHz, P2, 16.79 W
1, 2026/09/15 09:34:32.577, 1, 16, 210 MHz, 405 MHz, P8, 16.56 W
0, 2026/09/15 09:34:32.777, 4, 16, 2520 MHz, 10251 MHz, P2, 29.22 W
1, 2026/09/15 09:34:32.777, 4, 16, 2520 MHz, 10251 MHz, P2, 26.73 W
0, 2026/09/15 09:34:32.977, 4, 16, 2520 MHz, 10251 MHz, P2, 29.22 W
1, 2026/09/15 09:34:32.978, 4, 16, 2520 MHz, 10251 MHz, P2, 26.73 W
0, 2026/09/15 09:34:33.178, 4, 16, 2520 MHz, 10251 MHz, P2, 29.22 W
1, 2026/09/15 09:34:33.178, 4, 16, 2520 MHz, 10251 MHz, P2, 26.73 W
0, 2026/09/15 09:34:33.379, 4, 16, 2805 MHz, 10251 MHz, P2, 61.41 W
1, 2026/09/15 09:34:33.379, 4, 16, 2790 MHz, 10251 MHz, P2, 56.55 W
0, 2026/09/15 09:34:33.579, 4, 16, 2805 MHz, 10251 MHz, P2, 61.41 W
1, 2026/09/15 09:34:33.579, 4, 16, 2790 MHz, 10251 MHz, P2, 56.55 W
0, 2026/09/15 09:34:33.779, 4, 16, 2805 MHz, 10251 MHz, P2, 96.85 W
1, 2026/09/15 09:34:33.780, 4, 16, 2790 MHz, 10251 MHz, P2, 91.91 W
0, 2026/09/15 09:34:33.980, 4, 16, 2805 MHz, 10251 MHz, P2, 96.85 W
1, 2026/09/15 09:34:33.980, 4, 16, 2790 MHz, 10251 MHz, P2, 91.91 W
0, 2026/09/15 09:34:34.180, 4, 16, 2805 MHz, 10251 MHz, P2, 96.85 W
1, 2026/09/15 09:34:34.181, 4, 16, 2790 MHz, 10251 MHz, P2, 91.91 W
0, 2026/09/15 09:34:34.381, 4, 16, 2805 MHz, 10251 MHz, P2, 105.95 W
1, 2026/09/15 09:34:34.381, 4, 16, 2790 MHz, 10251 MHz, P2, 98.95 W
0, 2026/09/15 09:34:34.581, 4, 16, 2805 MHz, 10251 MHz, P2, 105.95 W
1, 2026/09/15 09:34:34.581, 4, 16, 2790 MHz, 10251 MHz, P2, 98.95 W
0, 2026/09/15 09:34:34.782, 4, 16, 2805 MHz, 10251 MHz, P2, 107.94 W
1, 2026/09/15 09:34:34.782, 4, 16, 2790 MHz, 10251 MHz, P2, 100.75 W
0, 2026/09/15 09:34:34.982, 4, 16, 2805 MHz, 10251 MHz, P2, 107.94 W
1, 2026/09/15 09:34:34.982, 4, 16, 2790 MHz, 10251 MHz, P2, 100.75 W
0, 2026/09/15 09:34:35.182, 4, 16, 2805 MHz, 10251 MHz, P2, 107.94 W
1, 2026/09/15 09:34:35.183, 4, 16, 2790 MHz, 10251 MHz, P2, 100.75 W
0, 2026/09/15 09:34:35.383, 4, 16, 2805 MHz, 10251 MHz, P2, 108.92 W
1, 2026/09/15 09:34:35.383, 4, 16, 2790 MHz, 10251 MHz, P2, 101.74 W
0, 2026/09/15 09:34:35.583, 4, 16, 2805 MHz, 10251 MHz, P2, 108.92 W
1, 2026/09/15 09:34:35.584, 4, 16, 2790 MHz, 10251 MHz, P2, 101.74 W
0, 2026/09/15 09:34:35.784, 4, 16, 2805 MHz, 10251 MHz, P2, 109.51 W
1, 2026/09/15 09:34:35.784, 4, 16, 2790 MHz, 10251 MHz, P2, 102.02 W
0, 2026/09/15 09:34:35.985, 4, 16, 2805 MHz, 10251 MHz, P2, 109.51 W
1, 2026/09/15 09:34:35.985, 4, 16, 2790 MHz, 10251 MHz, P2, 102.02 W
0, 2026/09/15 09:34:36.185, 4, 16, 2805 MHz, 10251 MHz, P2, 109.51 W
1, 2026/09/15 09:34:36.185, 4, 16, 2790 MHz, 10251 MHz, P2, 102.02 W
0, 2026/09/15 09:34:36.386, 4, 16, 2805 MHz, 10251 MHz, P2, 110.39 W
1, 2026/09/15 09:34:36.386, 4, 16, 2790 MHz, 10251 MHz, P2, 102.67 W
0, 2026/09/15 09:34:36.586, 4, 16, 2805 MHz, 10251 MHz, P2, 110.39 W
1, 2026/09/15 09:34:36.586, 4, 16, 2790 MHz, 10251 MHz, P2, 102.67 W
0, 2026/09/15 09:34:36.786, 4, 16, 2805 MHz, 10251 MHz, P2, 110.09 W
1, 2026/09/15 09:34:36.787, 4, 16, 2790 MHz, 10251 MHz, P2, 102.41 W
0, 2026/09/15 09:34:36.987, 4, 16, 2805 MHz, 10251 MHz, P2, 110.09 W
1, 2026/09/15 09:34:36.987, 4, 16, 2790 MHz, 10251 MHz, P2, 102.41 W
0, 2026/09/15 09:34:37.187, 4, 16, 2805 MHz, 10251 MHz, P2, 110.09 W
1, 2026/09/15 09:34:37.187, 4, 16, 2790 MHz, 10251 MHz, P2, 102.41 W
0, 2026/09/15 09:34:37.388, 4, 16, 2805 MHz, 10251 MHz, P2, 110.46 W
1, 2026/09/15 09:34:37.388, 4, 16, 2820 MHz, 10251 MHz, P2, 103.34 W
0, 2026/09/15 09:34:37.588, 4, 16, 2805 MHz, 10251 MHz, P2, 110.46 W
1, 2026/09/15 09:34:37.588, 4, 16, 2820 MHz, 10251 MHz, P2, 103.34 W
0, 2026/09/15 09:34:37.788, 4, 16, 2805 MHz, 10251 MHz, P2, 111.05 W
1, 2026/09/15 09:34:37.789, 4, 16, 2820 MHz, 10251 MHz, P2, 104.00 W
0, 2026/09/15 09:34:37.989, 4, 16, 2805 MHz, 10251 MHz, P2, 111.05 W
1, 2026/09/15 09:34:37.989, 4, 16, 2820 MHz, 10251 MHz, P2, 104.00 W
0, 2026/09/15 09:34:38.189, 4, 16, 2805 MHz, 10251 MHz, P2, 111.05 W
1, 2026/09/15 09:34:38.189, 4, 16, 2820 MHz, 10251 MHz, P2, 104.00 W
0, 2026/09/15 09:34:38.390, 4, 16, 2805 MHz, 10251 MHz, P2, 110.65 W
1, 2026/09/15 09:34:38.390, 4, 16, 2820 MHz, 10251 MHz, P2, 103.54 W
0, 2026/09/15 09:34:38.590, 4, 16, 2805 MHz, 10251 MHz, P2, 110.65 W
1, 2026/09/15 09:34:38.590, 4, 16, 2820 MHz, 10251 MHz, P2, 103.54 W
0, 2026/09/15 09:34:38.791, 4, 16, 2805 MHz, 10251 MHz, P2, 111.84 W
1, 2026/09/15 09:34:38.791, 4, 16, 2820 MHz, 10251 MHz, P2, 104.81 W
0, 2026/09/15 09:34:38.991, 4, 16, 2805 MHz, 10251 MHz, P2, 111.84 W
1, 2026/09/15 09:34:38.991, 4, 16, 2820 MHz, 10251 MHz, P2, 104.81 W
0, 2026/09/15 09:34:39.191, 4, 16, 2805 MHz, 10251 MHz, P2, 111.84 W
1, 2026/09/15 09:34:39.192, 4, 16, 2820 MHz, 10251 MHz, P2, 104.81 W
0, 2026/09/15 09:34:39.392, 4, 16, 2805 MHz, 10251 MHz, P2, 111.88 W
1, 2026/09/15 09:34:39.392, 4, 16, 2820 MHz, 10251 MHz, P2, 105.16 W
0, 2026/09/15 09:34:39.592, 4, 16, 2805 MHz, 10251 MHz, P2, 111.88 W
1, 2026/09/15 09:34:39.593, 4, 16, 2820 MHz, 10251 MHz, P2, 105.16 W
0, 2026/09/15 09:34:39.793, 4, 16, 2805 MHz, 10251 MHz, P2, 110.76 W
1, 2026/09/15 09:34:39.793, 4, 16, 2820 MHz, 10251 MHz, P2, 103.95 W
0, 2026/09/15 09:34:39.993, 4, 16, 2805 MHz, 10251 MHz, P2, 110.76 W
1, 2026/09/15 09:34:39.994, 4, 16, 2820 MHz, 10251 MHz, P2, 103.95 W
0, 2026/09/15 09:34:40.194, 4, 16, 2805 MHz, 10251 MHz, P2, 110.76 W
1, 2026/09/15 09:34:40.194, 4, 16, 2820 MHz, 10251 MHz, P2, 103.95 W
0, 2026/09/15 09:34:40.394, 4, 16, 2805 MHz, 10251 MHz, P2, 111.53 W
1, 2026/09/15 09:34:40.394, 4, 16, 2820 MHz, 10251 MHz, P2, 104.42 W
0, 2026/09/15 09:34:40.595, 4, 16, 2805 MHz, 10251 MHz, P2, 111.53 W
1, 2026/09/15 09:34:40.595, 4, 16, 2820 MHz, 10251 MHz, P2, 104.42 W
0, 2026/09/15 09:34:40.795, 4, 16, 2805 MHz, 10251 MHz, P2, 98.87 W
1, 2026/09/15 09:34:40.796, 4, 16, 2820 MHz, 10501 MHz, P0, 94.17 W
0, 2026/09/15 09:34:40.996, 4, 16, 2805 MHz, 10251 MHz, P2, 98.87 W
1, 2026/09/15 09:34:40.996, 4, 16, 2820 MHz, 10501 MHz, P0, 94.17 W
0, 2026/09/15 09:34:41.196, 4, 16, 2805 MHz, 10251 MHz, P2, 98.87 W
1, 2026/09/15 09:34:41.196, 4, 16, 2820 MHz, 10501 MHz, P0, 94.17 W
0, 2026/09/15 09:34:41.397, 4, 16, 2805 MHz, 10251 MHz, P2, 84.96 W
1, 2026/09/15 09:34:41.397, 4, 16, 2820 MHz, 10501 MHz, P0, 81.99 W
0, 2026/09/15 09:34:41.597, 4, 16, 2805 MHz, 10251 MHz, P2, 84.96 W
1, 2026/09/15 09:34:41.597, 4, 16, 2820 MHz, 10501 MHz, P0, 81.99 W
0, 2026/09/15 09:34:41.798, 4, 16, 2805 MHz, 10251 MHz, P2, 81.01 W
1, 2026/09/15 09:34:41.798, 4, 16, 2820 MHz, 10501 MHz, P0, 78.44 W
0, 2026/09/15 09:34:41.998, 4, 16, 2805 MHz, 10251 MHz, P2, 81.01 W
1, 2026/09/15 09:34:41.998, 4, 16, 2820 MHz, 10501 MHz, P0, 78.44 W
0, 2026/09/15 09:34:42.199, 4, 16, 2805 MHz, 10251 MHz, P2, 81.01 W
1, 2026/09/15 09:34:42.199, 4, 16, 2820 MHz, 10501 MHz, P0, 78.44 W
0, 2026/09/15 09:34:42.399, 4, 16, 2805 MHz, 10251 MHz, P2, 81.01 W
1, 2026/09/15 09:34:42.399, 2, 16, 2820 MHz, 10501 MHz, P5, 78.44 W
0, 2026/09/15 09:34:42.599, 4, 16, 2805 MHz, 10251 MHz, P2, 81.01 W
1, 2026/09/15 09:34:42.600, 2, 16, 2820 MHz, 10501 MHz, P5, 78.44 W
0, 2026/09/15 09:34:42.800, 4, 16, 2520 MHz, 10251 MHz, P2, 71.21 W
1, 2026/09/15 09:34:42.800, 2, 16, 600 MHz, 810 MHz, P5, 50.45 W
0, 2026/09/15 09:34:43.000, 4, 16, 2520 MHz, 10251 MHz, P2, 71.21 W
1, 2026/09/15 09:34:43.000, 2, 16, 600 MHz, 810 MHz, P5, 50.45 W
0, 2026/09/15 09:34:43.201, 4, 16, 2520 MHz, 10251 MHz, P2, 71.21 W
1, 2026/09/15 09:34:43.201, 2, 16, 600 MHz, 810 MHz, P5, 50.45 W
0, 2026/09/15 09:34:43.401, 4, 16, 2520 MHz, 10251 MHz, P2, 71.21 W
1, 2026/09/15 09:34:43.401, 2, 16, 600 MHz, 810 MHz, P5, 50.45 W
0, 2026/09/15 09:34:43.601, 4, 16, 2520 MHz, 10251 MHz, P2, 71.21 W
1, 2026/09/15 09:34:43.602, 2, 16, 600 MHz, 810 MHz, P5, 50.45 W
0, 2026/09/15 09:34:43.802, 4, 16, 2520 MHz, 10251 MHz, P2, 66.73 W
1, 2026/09/15 09:34:43.802, 2, 16, 375 MHz, 810 MHz, P5, 35.29 W
0, 2026/09/15 09:34:44.002, 4, 16, 2520 MHz, 10251 MHz, P2, 66.73 W
1, 2026/09/15 09:34:44.003, 2, 16, 375 MHz, 810 MHz, P5, 35.29 W
0, 2026/09/15 09:34:44.203, 4, 16, 2520 MHz, 10251 MHz, P2, 66.73 W
1, 2026/09/15 09:34:44.203, 2, 16, 375 MHz, 810 MHz, P5, 35.29 W
0, 2026/09/15 09:34:44.403, 4, 16, 2520 MHz, 10251 MHz, P2, 66.73 W
1, 2026/09/15 09:34:44.403, 1, 16, 375 MHz, 810 MHz, P8, 35.29 W
0, 2026/09/15 09:34:44.604, 4, 16, 2520 MHz, 10251 MHz, P2, 66.73 W
1, 2026/09/15 09:34:44.604, 1, 16, 375 MHz, 810 MHz, P8, 35.29 W
0, 2026/09/15 09:34:44.804, 4, 16, 2520 MHz, 10251 MHz, P2, 63.12 W
1, 2026/09/15 09:34:44.804, 1, 16, 240 MHz, 405 MHz, P8, 20.29 W
0, 2026/09/15 09:34:45.005, 4, 16, 2520 MHz, 10251 MHz, P2, 63.12 W
1, 2026/09/15 09:34:45.005, 1, 16, 240 MHz, 405 MHz, P8, 20.29 W
0, 2026/09/15 09:34:45.205, 4, 16, 2520 MHz, 10251 MHz, P2, 63.12 W
1, 2026/09/15 09:34:45.205, 1, 16, 240 MHz, 405 MHz, P8, 20.29 W
0, 2026/09/15 09:34:45.405, 4, 16, 2520 MHz, 10251 MHz, P2, 63.12 W
1, 2026/09/15 09:34:45.406, 1, 16, 240 MHz, 405 MHz, P8, 20.29 W
0, 2026/09/15 09:34:45.606, 4, 16, 2520 MHz, 10251 MHz, P2, 63.12 W
1, 2026/09/15 09:34:45.606, 1, 16, 240 MHz, 405 MHz, P8, 20.29 W
0, 2026/09/15 09:34:45.807, 4, 16, 2520 MHz, 10251 MHz, P2, 63.08 W
1, 2026/09/15 09:34:45.807, 1, 16, 210 MHz, 405 MHz, P8, 17.11 W
0, 2026/09/15 09:34:46.007, 4, 16, 2520 MHz, 10251 MHz, P2, 63.08 W
1, 2026/09/15 09:34:46.008, 1, 16, 210 MHz, 405 MHz, P8, 17.11 W
0, 2026/09/15 09:34:46.208, 4, 16, 2520 MHz, 10251 MHz, P2, 63.08 W
1, 2026/09/15 09:34:46.208, 1, 16, 210 MHz, 405 MHz, P8, 17.11 W
0, 2026/09/15 09:34:46.408, 4, 16, 2520 MHz, 10251 MHz, P2, 63.08 W
1, 2026/09/15 09:34:46.409, 1, 16, 210 MHz, 405 MHz, P8, 17.11 W
0, 2026/09/15 09:34:46.609, 4, 16, 2520 MHz, 10251 MHz, P2, 63.08 W
1, 2026/09/15 09:34:46.609, 1, 16, 210 MHz, 405 MHz, P8, 17.11 W
0, 2026/09/15 09:34:46.809, 4, 16, 2520 MHz, 10251 MHz, P2, 63.22 W
1, 2026/09/15 09:34:46.809, 1, 16, 210 MHz, 405 MHz, P8, 16.43 W
0, 2026/09/15 09:34:47.010, 4, 16, 2520 MHz, 10251 MHz, P2, 63.22 W
1, 2026/09/15 09:34:47.010, 1, 16, 210 MHz, 405 MHz, P8, 16.43 W
0, 2026/09/15 09:34:47.210, 4, 16, 2520 MHz, 10251 MHz, P2, 63.22 W
1, 2026/09/15 09:34:47.210, 1, 16, 210 MHz, 405 MHz, P8, 16.43 W
0, 2026/09/15 09:34:47.410, 4, 16, 2520 MHz, 10251 MHz, P2, 63.22 W
1, 2026/09/15 09:34:47.411, 1, 16, 210 MHz, 405 MHz, P8, 16.43 W
0, 2026/09/15 09:34:47.611, 4, 16, 2520 MHz, 10251 MHz, P2, 63.22 W
1, 2026/09/15 09:34:47.611, 1, 16, 210 MHz, 405 MHz, P8, 16.43 W
0, 2026/09/15 09:34:47.811, 4, 16, 2520 MHz, 10251 MHz, P2, 63.24 W
1, 2026/09/15 09:34:47.811, 1, 16, 210 MHz, 405 MHz, P8, 16.43 W
0, 2026/09/15 09:34:48.012, 4, 16, 2520 MHz, 10251 MHz, P2, 63.24 W
1, 2026/09/15 09:34:48.012, 1, 16, 210 MHz, 405 MHz, P8, 16.43 W
0, 2026/09/15 09:34:48.212, 4, 16, 2520 MHz, 10251 MHz, P2, 63.24 W
1, 2026/09/15 09:34:48.212, 1, 16, 210 MHz, 405 MHz, P8, 16.43 W
0, 2026/09/15 09:34:48.413, 4, 16, 2520 MHz, 10251 MHz, P2, 63.24 W
1, 2026/09/15 09:34:48.413, 1, 16, 210 MHz, 405 MHz, P8, 16.43 W
0, 2026/09/15 09:34:48.613, 4, 16, 2520 MHz, 10251 MHz, P2, 63.24 W
1, 2026/09/15 09:34:48.613, 1, 16, 210 MHz, 405 MHz, P8, 16.43 W
0, 2026/09/15 09:34:48.814, 4, 16, 2520 MHz, 10251 MHz, P2, 63.20 W
1, 2026/09/15 09:34:48.814, 1, 16, 210 MHz, 405 MHz, P8, 16.50 W
0, 2026/09/15 09:34:49.014, 4, 16, 2520 MHz, 10251 MHz, P2, 63.20 W
1, 2026/09/15 09:34:49.015, 1, 16, 210 MHz, 405 MHz, P8, 16.50 W
0, 2026/09/15 09:34:49.215, 4, 16, 2520 MHz, 10251 MHz, P2, 63.20 W
1, 2026/09/15 09:34:49.215, 1, 16, 210 MHz, 405 MHz, P8, 16.50 W
0, 2026/09/15 09:34:49.415, 4, 16, 2520 MHz, 10251 MHz, P2, 63.20 W
1, 2026/09/15 09:34:49.415, 1, 16, 210 MHz, 405 MHz, P8, 16.50 W
0, 2026/09/15 09:34:49.616, 4, 16, 2520 MHz, 10251 MHz, P2, 63.20 W
1, 2026/09/15 09:34:49.616, 1, 16, 210 MHz, 405 MHz, P8, 16.50 W
0, 2026/09/15 09:34:49.816, 4, 16, 2520 MHz, 10251 MHz, P2, 63.38 W
1, 2026/09/15 09:34:49.816, 1, 16, 210 MHz, 405 MHz, P8, 16.51 W
0, 2026/09/15 09:34:50.017, 4, 16, 2520 MHz, 10251 MHz, P2, 63.38 W
1, 2026/09/15 09:34:50.017, 1, 16, 210 MHz, 405 MHz, P8, 16.51 W
0, 2026/09/15 09:34:50.217, 4, 16, 2520 MHz, 10251 MHz, P2, 63.38 W
1, 2026/09/15 09:34:50.217, 1, 16, 210 MHz, 405 MHz, P8, 16.51 W
0, 2026/09/15 09:34:50.418, 4, 16, 2520 MHz, 10251 MHz, P2, 63.38 W
1, 2026/09/15 09:34:50.418, 1, 16, 210 MHz, 405 MHz, P8, 16.51 W
0, 2026/09/15 09:34:50.618, 4, 16, 2520 MHz, 10251 MHz, P2, 63.38 W
1, 2026/09/15 09:34:50.618, 1, 16, 210 MHz, 405 MHz, P8, 16.51 W
0, 2026/09/15 09:34:50.818, 4, 16, 2520 MHz, 10251 MHz, P2, 63.44 W
1, 2026/09/15 09:34:50.819, 1, 16, 210 MHz, 405 MHz, P8, 16.40 W
0, 2026/09/15 09:34:51.019, 4, 16, 2520 MHz, 10251 MHz, P2, 63.44 W
1, 2026/09/15 09:34:51.019, 1, 16, 210 MHz, 405 MHz, P8, 16.40 W
0, 2026/09/15 09:34:51.219, 4, 16, 2520 MHz, 10251 MHz, P2, 63.44 W
1, 2026/09/15 09:34:51.241, 1, 16, 210 MHz, 405 MHz, P8, 16.40 W
0, 2026/09/15 09:34:51.442, 4, 16, 2520 MHz, 10251 MHz, P2, 63.44 W
1, 2026/09/15 09:34:51.442, 1, 16, 210 MHz, 405 MHz, P8, 16.40 W
0, 2026/09/15 09:34:51.642, 4, 16, 2520 MHz, 10251 MHz, P2, 63.44 W
1, 2026/09/15 09:34:51.642, 1, 16, 210 MHz, 405 MHz, P8, 16.40 W
0, 2026/09/15 09:34:51.843, 4, 16, 2520 MHz, 10251 MHz, P2, 63.39 W
1, 2026/09/15 09:34:51.843, 1, 16, 210 MHz, 405 MHz, P8, 16.34 W
0, 2026/09/15 09:34:52.043, 4, 16, 2520 MHz, 10251 MHz, P2, 63.39 W
1, 2026/09/15 09:34:52.043, 1, 16, 210 MHz, 405 MHz, P8, 16.34 W
0, 2026/09/15 09:34:52.244, 4, 16, 2520 MHz, 10251 MHz, P2, 63.39 W
1, 2026/09/15 09:34:52.244, 1, 16, 210 MHz, 405 MHz, P8, 16.34 W
0, 2026/09/15 09:34:52.444, 4, 16, 2520 MHz, 10251 MHz, P2, 63.39 W
1, 2026/09/15 09:34:52.444, 1, 16, 210 MHz, 405 MHz, P8, 16.34 W
0, 2026/09/15 09:34:52.645, 4, 16, 2520 MHz, 10251 MHz, P2, 63.39 W
1, 2026/09/15 09:34:52.645, 1, 16, 210 MHz, 405 MHz, P8, 16.34 W
0, 2026/09/15 09:34:52.845, 4, 16, 2520 MHz, 10251 MHz, P2, 63.49 W
1, 2026/09/15 09:34:52.845, 1, 16, 210 MHz, 405 MHz, P8, 16.43 W
0, 2026/09/15 09:34:53.046, 4, 16, 2520 MHz, 10251 MHz, P2, 63.49 W
1, 2026/09/15 09:34:53.046, 1, 16, 210 MHz, 405 MHz, P8, 16.43 W
0, 2026/09/15 09:34:53.246, 4, 16, 2520 MHz, 10251 MHz, P2, 63.49 W
1, 2026/09/15 09:34:53.246, 1, 16, 210 MHz, 405 MHz, P8, 16.43 W
0, 2026/09/15 09:34:53.447, 4, 16, 2520 MHz, 10251 MHz, P2, 63.49 W
1, 2026/09/15 09:34:53.447, 1, 16, 210 MHz, 405 MHz, P8, 16.43 W
0, 2026/09/15 09:34:53.647, 4, 16, 2520 MHz, 10251 MHz, P2, 63.49 W
1, 2026/09/15 09:34:53.647, 1, 16, 210 MHz, 405 MHz, P8, 16.43 W
0, 2026/09/15 09:34:53.848, 4, 16, 2520 MHz, 10251 MHz, P2, 63.43 W
1, 2026/09/15 09:34:53.848, 1, 16, 210 MHz, 405 MHz, P8, 16.52 W
0, 2026/09/15 09:34:54.048, 4, 16, 2520 MHz, 10251 MHz, P2, 63.43 W
1, 2026/09/15 09:34:54.048, 1, 16, 210 MHz, 405 MHz, P8, 16.52 W
0, 2026/09/15 09:34:54.248, 4, 16, 2520 MHz, 10251 MHz, P2, 63.43 W
1, 2026/09/15 09:34:54.249, 1, 16, 210 MHz, 405 MHz, P8, 16.52 W
0, 2026/09/15 09:34:54.449, 4, 16, 2520 MHz, 10251 MHz, P2, 63.43 W
1, 2026/09/15 09:34:54.449, 1, 16, 210 MHz, 405 MHz, P8, 16.52 W
0, 2026/09/15 09:34:54.650, 4, 16, 2520 MHz, 10251 MHz, P2, 63.43 W
1, 2026/09/15 09:34:54.650, 1, 16, 210 MHz, 405 MHz, P8, 16.52 W
0, 2026/09/15 09:34:54.851, 4, 16, 2520 MHz, 10251 MHz, P2, 63.14 W
1, 2026/09/15 09:34:54.852, 1, 16, 210 MHz, 405 MHz, P8, 16.44 W
0, 2026/09/15 09:34:55.052, 4, 16, 2520 MHz, 10251 MHz, P2, 63.14 W
1, 2026/09/15 09:34:55.052, 1, 16, 210 MHz, 405 MHz, P8, 16.44 W
0, 2026/09/15 09:34:55.252, 4, 16, 2520 MHz, 10251 MHz, P2, 63.14 W
1, 2026/09/15 09:34:55.252, 1, 16, 210 MHz, 405 MHz, P8, 16.44 W
0, 2026/09/15 09:34:55.453, 4, 16, 2520 MHz, 10251 MHz, P2, 63.14 W
1, 2026/09/15 09:34:55.453, 1, 16, 210 MHz, 405 MHz, P8, 16.44 W
0, 2026/09/15 09:34:55.653, 4, 16, 2520 MHz, 10251 MHz, P2, 63.14 W
1, 2026/09/15 09:34:55.653, 1, 16, 210 MHz, 405 MHz, P8, 16.44 W
0, 2026/09/15 09:34:55.854, 4, 16, 2520 MHz, 10251 MHz, P2, 62.88 W
1, 2026/09/15 09:34:55.854, 1, 16, 210 MHz, 405 MHz, P8, 16.43 W
0, 2026/09/15 09:34:56.054, 4, 16, 2520 MHz, 10251 MHz, P2, 62.88 W
1, 2026/09/15 09:34:56.054, 1, 16, 210 MHz, 405 MHz, P8, 16.43 W
0, 2026/09/15 09:34:56.255, 4, 16, 2520 MHz, 10251 MHz, P2, 62.88 W
1, 2026/09/15 09:34:56.255, 1, 16, 210 MHz, 405 MHz, P8, 16.43 W
0, 2026/09/15 09:34:56.455, 4, 16, 2520 MHz, 10251 MHz, P2, 62.88 W
1, 2026/09/15 09:34:56.455, 1, 16, 210 MHz, 405 MHz, P8, 16.43 W
0, 2026/09/15 09:34:56.656, 4, 16, 2520 MHz, 10251 MHz, P2, 62.88 W
1, 2026/09/15 09:34:56.656, 1, 16, 210 MHz, 405 MHz, P8, 16.43 W
0, 2026/09/15 09:34:56.856, 2, 16, 2520 MHz, 10251 MHz, P5, 62.83 W
1, 2026/09/15 09:34:56.856, 1, 16, 210 MHz, 405 MHz, P8, 16.32 W
0, 2026/09/15 09:34:57.057, 2, 16, 2520 MHz, 10251 MHz, P5, 62.83 W
1, 2026/09/15 09:34:57.057, 1, 16, 210 MHz, 405 MHz, P8, 16.32 W
0, 2026/09/15 09:34:57.257, 2, 16, 2520 MHz, 10251 MHz, P5, 62.83 W
1, 2026/09/15 09:34:57.257, 1, 16, 210 MHz, 405 MHz, P8, 16.32 W
0, 2026/09/15 09:34:57.457, 2, 16, 2520 MHz, 10251 MHz, P5, 62.83 W
1, 2026/09/15 09:34:57.458, 1, 16, 210 MHz, 405 MHz, P8, 16.32 W
0, 2026/09/15 09:34:57.658, 2, 16, 2520 MHz, 10251 MHz, P5, 62.83 W
1, 2026/09/15 09:34:57.658, 1, 16, 210 MHz, 405 MHz, P8, 16.32 W
0, 2026/09/15 09:34:57.858, 1, 16, 345 MHz, 405 MHz, P8, 46.94 W
1, 2026/09/15 09:34:57.858, 1, 16, 210 MHz, 405 MHz, P8, 16.11 W
0, 2026/09/15 09:34:58.059, 1, 16, 345 MHz, 405 MHz, P8, 46.94 W
1, 2026/09/15 09:34:58.059, 1, 16, 210 MHz, 405 MHz, P8, 16.11 W
0, 2026/09/15 09:34:58.259, 1, 16, 345 MHz, 405 MHz, P8, 46.94 W
1, 2026/09/15 09:34:58.259, 1, 16, 210 MHz, 405 MHz, P8, 16.11 W
0, 2026/09/15 09:34:58.459, 1, 16, 345 MHz, 405 MHz, P8, 46.94 W
1, 2026/09/15 09:34:58.460, 1, 16, 210 MHz, 405 MHz, P8, 16.11 W
0, 2026/09/15 09:34:58.660, 1, 16, 345 MHz, 405 MHz, P8, 46.94 W
1, 2026/09/15 09:34:58.660, 1, 16, 210 MHz, 405 MHz, P8, 16.11 W
0, 2026/09/15 09:34:58.860, 1, 16, 225 MHz, 405 MHz, P8, 24.39 W
1, 2026/09/15 09:34:58.860, 1, 16, 210 MHz, 405 MHz, P8, 16.22 W
0, 2026/09/15 09:34:59.061, 1, 16, 225 MHz, 405 MHz, P8, 24.39 W
1, 2026/09/15 09:34:59.061, 1, 16, 210 MHz, 405 MHz, P8, 16.22 W
0, 2026/09/15 09:34:59.261, 1, 16, 225 MHz, 405 MHz, P8, 24.39 W
1, 2026/09/15 09:34:59.261, 1, 16, 210 MHz, 405 MHz, P8, 16.22 W
0, 2026/09/15 09:34:59.461, 1, 16, 225 MHz, 405 MHz, P8, 24.39 W
1, 2026/09/15 09:34:59.462, 1, 16, 210 MHz, 405 MHz, P8, 16.22 W
0, 2026/09/15 09:34:59.662, 1, 16, 225 MHz, 405 MHz, P8, 24.39 W
1, 2026/09/15 09:34:59.662, 1, 16, 210 MHz, 405 MHz, P8, 16.22 W
0, 2026/09/15 09:34:59.862, 1, 16, 210 MHz, 405 MHz, P8, 17.41 W
1, 2026/09/15 09:34:59.863, 1, 16, 210 MHz, 405 MHz, P8, 16.48 W
0, 2026/09/15 09:35:00.063, 1, 16, 210 MHz, 405 MHz, P8, 17.41 W
1, 2026/09/15 09:35:00.063, 1, 16, 210 MHz, 405 MHz, P8, 16.48 W
0, 2026/09/15 09:35:00.263, 1, 16, 210 MHz, 405 MHz, P8, 17.41 W
1, 2026/09/15 09:35:00.264, 1, 16, 210 MHz, 405 MHz, P8, 16.48 W
0, 2026/09/15 09:35:00.464, 1, 16, 210 MHz, 405 MHz, P8, 17.41 W
1, 2026/09/15 09:35:00.464, 1, 16, 210 MHz, 405 MHz, P8, 16.48 W
0, 2026/09/15 09:35:00.664, 1, 16, 210 MHz, 405 MHz, P8, 17.41 W
1, 2026/09/15 09:35:00.665, 1, 16, 210 MHz, 405 MHz, P8, 16.48 W
0, 2026/09/15 09:35:00.865, 1, 16, 210 MHz, 405 MHz, P8, 17.05 W
1, 2026/09/15 09:35:00.865, 1, 16, 210 MHz, 405 MHz, P8, 16.49 W
0, 2026/09/15 09:35:01.065, 1, 16, 210 MHz, 405 MHz, P8, 17.05 W
1, 2026/09/15 09:35:01.065, 1, 16, 210 MHz, 405 MHz, P8, 16.49 W
0, 2026/09/15 09:35:01.265, 1, 16, 210 MHz, 405 MHz, P8, 17.05 W
1, 2026/09/15 09:35:01.266, 1, 16, 210 MHz, 405 MHz, P8, 16.49 W
0, 2026/09/15 09:35:01.466, 1, 16, 210 MHz, 405 MHz, P8, 17.05 W
1, 2026/09/15 09:35:01.466, 1, 16, 210 MHz, 405 MHz, P8, 16.49 W
0, 2026/09/15 09:35:01.666, 1, 16, 210 MHz, 405 MHz, P8, 17.05 W
1, 2026/09/15 09:35:01.667, 1, 16, 210 MHz, 405 MHz, P8, 16.49 W
0, 2026/09/15 09:35:01.867, 1, 16, 210 MHz, 405 MHz, P8, 16.81 W
1, 2026/09/15 09:35:01.867, 1, 16, 210 MHz, 405 MHz, P8, 16.35 W
0, 2026/09/15 09:35:02.067, 1, 16, 210 MHz, 405 MHz, P8, 16.81 W
1, 2026/09/15 09:35:02.067, 1, 16, 210 MHz, 405 MHz, P8, 16.35 W
0, 2026/09/15 09:35:02.268, 1, 16, 210 MHz, 405 MHz, P8, 17.09 W
1, 2026/09/15 09:35:02.268, 1, 16, 210 MHz, 405 MHz, P8, 16.38 W
