# provenance: env=sys sha=717b683182 cmd="bash scripts/nccl_h3_longrun_probe.sh (STAMP=20260915T0936)" date=2026-09-15T09:36:01+00:00 gpu="RTX 4090 x2" driver=610.57.04 exp=EXP-020-appendixC threshold="collapse iff plateau(16M-256M mean) < 3.0 GB/s; stop at 2 collapses"
round,dtype,plat_GBps,avg_GBps,gen4_frac_loaded,sm_max,mem_max,pstates,verdict,file
1,float,7.140,6.848,1.000,2820,10501,P0|P2,ok,20260915T0936_nccl_h3_float_r1.txt
2,half,8.286,8.108,1.000,2835,10501,P0|P2,ok,20260915T0936_nccl_h3_half_r2.txt
3,float,7.748,7.537,1.000,2835,10501,P0|P2,ok,20260915T0936_nccl_h3_float_r3.txt
4,half,8.392,8.229,1.000,2835,10501,P0|P2,ok,20260915T0936_nccl_h3_half_r4.txt
5,float,6.448,6.203,1.000,2835,10501,P0|P2,ok,20260915T0936_nccl_h3_float_r5.txt
6,half,6.618,6.560,0.972,2835,10501,P0|P2|P5,ok,20260915T0936_nccl_h3_half_r6.txt
7,float,6.358,5.725,1.000,2835,10501,P0|P2,ok,20260915T0936_nccl_h3_float_r7.txt
8,half,6.468,6.443,0.980,2835,10501,P0|P2|P5,ok,20260915T0936_nccl_h3_half_r8.txt
9,float,8.732,8.565,1.000,2835,10501,P0|P2,ok,20260915T0936_nccl_h3_float_r9.txt
10,half,9.234,8.919,0.977,2835,10501,P0|P2|P5,ok,20260915T0936_nccl_h3_half_r10.txt
11,float,8.064,7.769,1.000,2835,10501,P0|P2,ok,20260915T0936_nccl_h3_float_r11.txt
12,half,5.720,5.565,1.000,2835,10501,P0|P2,ok,20260915T0936_nccl_h3_half_r12.txt
13,float,6.218,6.074,0.970,2835,10501,P0|P2|P5,ok,20260915T0936_nccl_h3_float_r13.txt
14,half,6.544,6.262,1.000,2835,10501,P0|P2,ok,20260915T0936_nccl_h3_half_r14.txt
15,float,7.252,6.985,0.979,2835,10501,P0|P2|P5,ok,20260915T0936_nccl_h3_float_r15.txt
16,half,7.402,7.338,1.000,2835,10501,P0|P2,ok,20260915T0936_nccl_h3_half_r16.txt
17,float,7.498,7.242,1.000,2835,10501,P0|P2,ok,20260915T0936_nccl_h3_float_r17.txt
18,half,8.112,7.941,0.979,2835,10501,P0|P2|P5,ok,20260915T0936_nccl_h3_half_r18.txt
19,float,8.056,7.888,0.966,2835,10501,P0|P2|P5,ok,20260915T0936_nccl_h3_float_r19.txt
20,half,6.616,6.321,1.000,2835,10501,P0|P2,ok,20260915T0936_nccl_h3_half_r20.txt
21,float,7.654,7.523,0.979,2835,10501,P0|P2|P5,ok,20260915T0936_nccl_h3_float_r21.txt
22,half,8.256,7.980,0.980,2835,10501,P0|P2|P5,ok,20260915T0936_nccl_h3_half_r22.txt
23,float,6.736,6.796,0.969,2835,10501,P0|P2|P5,ok,20260915T0936_nccl_h3_float_r23.txt
24,half,8.220,7.945,1.000,2835,10501,P0|P2,ok,20260915T0936_nccl_h3_half_r24.txt
25,float,8.136,7.928,0.966,2835,10501,P0|P2|P5,ok,20260915T0936_nccl_h3_float_r25.txt
26,half,7.860,7.631,1.000,2835,10501,P0|P2,ok,20260915T0936_nccl_h3_half_r26.txt
27,float,7.430,7.347,0.980,2835,10501,P0|P2|P5,ok,20260915T0936_nccl_h3_float_r27.txt
28,half,8.194,7.822,1.000,2835,10501,P0|P2,ok,20260915T0936_nccl_h3_half_r28.txt
29,float,8.086,7.810,0.980,2835,10501,P0|P2|P5,ok,20260915T0936_nccl_h3_float_r29.txt
30,half,7.434,7.357,1.000,2835,10501,P0|P2,ok,20260915T0936_nccl_h3_half_r30.txt
31,float,7.302,7.141,1.000,2835,10501,P0|P2,ok,20260915T0936_nccl_h3_float_r31.txt
32,half,7.808,7.517,0.980,2835,10501,P0|P2|P5,ok,20260915T0936_nccl_h3_half_r32.txt
33,float,7.380,6.999,1.000,2835,10501,P0|P2|P5,ok,20260915T0936_nccl_h3_float_r33.txt
34,half,8.526,8.533,1.000,2835,10501,P0|P2,ok,20260915T0936_nccl_h3_half_r34.txt
35,float,8.828,8.399,0.976,2835,10501,P0|P2|P5,ok,20260915T0936_nccl_h3_float_r35.txt
36,half,8.238,8.014,1.000,2835,10501,P0|P2,ok,20260915T0936_nccl_h3_half_r36.txt
37,float,7.828,7.854,0.967,2835,10501,P0|P2|P5,ok,20260915T0936_nccl_h3_float_r37.txt
38,half,8.244,8.038,1.000,2835,10501,P0|P2,ok,20260915T0936_nccl_h3_half_r38.txt
39,float,7.512,7.464,0.969,2835,10501,P0|P2|P5,ok,20260915T0936_nccl_h3_float_r39.txt
40,half,8.326,8.104,0.978,2835,10501,P0|P2|P5,ok,20260915T0936_nccl_h3_half_r40.txt
41,float,8.122,7.953,1.000,2835,10501,P0|P2,ok,20260915T0936_nccl_h3_float_r41.txt
42,half,7.828,7.670,0.980,2835,10501,P0|P2|P5,ok,20260915T0936_nccl_h3_half_r42.txt
43,float,3.230,3.290,0.982,2835,10501,P0|P2|P5,ok,20260915T0936_nccl_h3_float_r43.txt
44,half,7.608,7.499,1.000,2835,10501,P0|P2,ok,20260915T0936_nccl_h3_half_r44.txt
45,float,7.880,7.542,1.000,2835,10501,P0|P2,ok,20260915T0936_nccl_h3_float_r45.txt
46,half,6.352,6.103,1.000,2835,10501,P0|P2,ok,20260915T0936_nccl_h3_half_r46.txt
47,float,6.090,5.840,1.000,2835,10501,P0|P2,ok,20260915T0936_nccl_h3_float_r47.txt
48,half,6.100,5.901,0.973,2835,10501,P0|P2|P5,ok,20260915T0936_nccl_h3_half_r48.txt
49,float,6.068,5.804,0.982,2835,10501,P0|P2|P5,ok,20260915T0936_nccl_h3_float_r49.txt
50,half,6.346,6.425,0.973,2835,10501,P0|P2|P5,ok,20260915T0936_nccl_h3_half_r50.txt
51,float,6.148,5.923,0.972,2835,10501,P0|P2|P5,ok,20260915T0936_nccl_h3_float_r51.txt
52,half,5.918,5.559,1.000,2835,10501,P0|P2,ok,20260915T0936_nccl_h3_half_r52.txt
53,float,6.220,6.058,0.981,2835,10501,P0|P2|P5,ok,20260915T0936_nccl_h3_float_r53.txt
54,half,6.368,6.071,1.000,2835,10501,P0|P2,ok,20260915T0936_nccl_h3_half_r54.txt
55,float,7.722,7.393,0.978,2835,10501,P0|P2|P5,ok,20260915T0936_nccl_h3_float_r55.txt
56,half,7.190,6.894,1.000,2835,10501,P0|P2,ok,20260915T0936_nccl_h3_half_r56.txt
57,float,7.132,6.800,1.000,2835,10501,P0|P2,ok,20260915T0936_nccl_h3_float_r57.txt
58,half,8.082,7.872,1.000,2835,10501,P0|P2,ok,20260915T0936_nccl_h3_half_r58.txt
59,float,8.596,8.033,1.000,2835,10501,P0|P2,ok,20260915T0936_nccl_h3_float_r59.txt
60,half,8.152,8.128,1.000,2835,10501,P0|P2,ok,20260915T0936_nccl_h3_half_r60.txt
